Ryan McIntyre,https://angel.co/ryan_mcintyre
Nick Wyman,https://angel.co/nickwyman
Jason Seats,https://angel.co/jason-seats
James Franklin,https://angel.co/james-franklin
Bart Lorang,https://angel.co/bartlorang
Elizabeth Kraus,https://angel.co/elizabeth-kraus
Rich Schmelzer,https://angel.co/rich-schmelzer-1
Alan Michael Kane,https://angel.co/alan-michael-kane
Daniel Newman,https://angel.co/dannynewman
Ken Spratlin,https://angel.co/ken-spratlin
Will Weathersby,https://angel.co/willweathersby
Walt Pounds,https://angel.co/waltpounds
Jeff Jackson,https://angel.co/jeff-jackson
Lance G Johnson,https://angel.co/lance-g-johnson
Aaron Bowlds,https://angel.co/aaronb
Cliff Shaw,https://angel.co/cliff-shaw
Pete Sheinbaum,https://angel.co/pete-sheinbaum
John Moyer,https://angel.co/john-moyer
Henry Parry-Okeden,https://angel.co/henry-parry-okeden
Edward Roberto,https://angel.co/edward-roberto
Krista Marks,https://angel.co/krista-marks
Jordan Mendell,https://angel.co/jordanmendell
Tobias Peggs,https://angel.co/tobiaspeggs
Ari Newman,https://angel.co/ari-newman
Stefan Koenig,https://angel.co/koenigst
Eric Sikola,https://angel.co/esikola
John Ives,https://angel.co/jives
Tom Keller,https://angel.co/tkeller
Mike Lewis,https://angel.co/pescatello
Casey Berman,https://angel.co/casey-berman-1
Yoav Lurie,https://angel.co/yoavlurie
Ivan Lopez,https://angel.co/ivanlopez
Brad Dupee,https://angel.co/brad-dupee
Sameer Parekh Brenn,https://angel.co/sameer-parekh
Cindy Lindsay,https://angel.co/cindy-lindsay
Jason B Kiefer,https://angel.co/jasonkiefer
Eric Balsa,https://angel.co/ericbalsa
Ian McVeigh,https://angel.co/ian-mcveigh
Andrew Glover,https://angel.co/ajglover
David Hose,https://angel.co/david-hose
Gavin Lee,https://angel.co/gavin-lee
Derek Liston,https://angel.co/derek-liston
Sam Beaudin,https://angel.co/sam-beaudin
James Smith,https://angel.co/aussiwi
Peter Adams,https://angel.co/peter-adams-1
Alex Kremer,https://angel.co/axk
Drew Fink,https://angel.co/drew-fink
Chris J. Snook,https://angel.co/chrisjsnook
Mark Smither,https://angel.co/bouldermark-smither
Gary Ebersole,https://angel.co/garyebersole
Michael Abdy,https://angel.co/michael-abdy-1
Eric Olden,https://angel.co/eric-olden
Tom Ahlborg,https://angel.co/tom-ahlborg
John Keane,https://angel.co/john-keane
Steve Georgis,https://angel.co/steve-georgis
Mark Evans,https://angel.co/mark-evans-2
Jason Eckenroth,https://angel.co/jroth
Sandy Rich,https://angel.co/sandyrich
David Prinster,https://angel.co/dprinster
Mark Kreloff,https://angel.co/mark-kreloff
Dan Burcaw,https://angel.co/burcaw-gmail-com
Drew Knowles,https://angel.co/drew-knowles
Sherrard Harrington,https://angel.co/sherrard-harrington
Dale Traxler,https://angel.co/dale-traxler
Noel Geren,https://angel.co/ngeren
Chris Houck,https://angel.co/chouck
Wes Tate,https://angel.co/wes-tate
Patrick Wheeler,https://angel.co/patrick-wheeler-2
Joe Chierotti,https://angel.co/joechierotti
John Volkmar,https://angel.co/john-volkmar
Mark Van Buskirk,https://angel.co/mark-van-buskirk
Mark Larter,https://angel.co/mark-larter
Adam W. Chase,https://angel.co/adam-w-chase
Patrick Walsh,https://angel.co/pjwalsh
Todd Biggs,https://angel.co/todd-biggs
Chris Jacobs,https://angel.co/chris-jacobs
Uriah Bueller,https://angel.co/uriah-bueller
Jack A. Donenfeld,https://angel.co/jack-a-donenfeld
Pete Jordan,https://angel.co/pete-jordan
Arn Schaeffer,https://angel.co/arnold-schaeffer
Micah Tapman,https://angel.co/micah-tapman
