Maria Thomas,https://angel.co/maria-thomas
Akshay Rustagi,https://angel.co/rustagi
Paige Craig,https://angel.co/paigecraig
Bobby Yazdani,https://angel.co/bobby-yazdani
Jason Seats,https://angel.co/jason-seats
Haroon Mokhtarzada,https://angel.co/haroon
Paul Singh,https://angel.co/paulsingh
Bong Koh,https://angel.co/bong
William J. Raduchel,https://angel.co/william-j-raduchel
Sean Glass,https://angel.co/seanglass
Marc Ecko,https://angel.co/marcecko
Raj Bhaskar,https://angel.co/raj-bhaskar
John Fanguy,https://angel.co/john-fanguy
Frank LLosa Esq,https://angel.co/frankly
Eric Koester,https://angel.co/eric-koester
Militello Capital,https://angel.co/matt-brady
Craig Young,https://angel.co/craig-young
Aaron Houghton,https://angel.co/aaron-houghton
Tarun Upadhyay,https://angel.co/tarun-upadhyay
Ed Chalfin,https://angel.co/icdboss
Dave Helmreich,https://angel.co/davidhelmreich
Matt Newton,https://angel.co/matt-newton
Jonathon Perrelli,https://angel.co/jonathon-perrelli
Adam Spector,https://angel.co/adamspector
Chasm Capital Management,https://angel.co/chasm
Stewart Allen,https://angel.co/stewart-allen
David Famolari,https://angel.co/famolari
Grant Allen,https://angel.co/grantallen
Jason Lee,https://angel.co/jasonlee
Glen Hellman,https://angel.co/glehel
Lawrence Black,https://angel.co/lawrence-black1
Mike Lombardi,https://angel.co/mike_lombardi
Edward Barrientos,https://angel.co/edward-barrientos
William Blaise Warren,https://angel.co/blaise-warren
Paul Silber,https://angel.co/paul-silber
Maxwell Lipnick,https://angel.co/maxwell-lipnick
Chris Hoyt,https://angel.co/chris-hoyt
Richard Quayle,https://angel.co/quaylie1
Terry Hsiao,https://angel.co/terry-hsiao
Richard Graves,https://angel.co/richard-graves
David Stevenson,https://angel.co/david-stevenson
Khalid Itum,https://angel.co/khaliditum
Steven Chen,https://angel.co/steven-chen-2
Kemp Baker,https://angel.co/kemp-p-baker
David Naffis,https://angel.co/naffis
Casey Berman,https://angel.co/casey-berman-1
Jeff Kelley,https://angel.co/jmikelley
Steven Koltai,https://angel.co/steven-koltai
Rob Ness,https://angel.co/rob-ness
Tien Wong,https://angel.co/tienwong
Nick Tabbal,https://angel.co/nicktabbal
Mark McDowell,https://angel.co/mark-mcdowell
Adam Fischman,https://angel.co/adam-fischman
Hemang Gadhia,https://angel.co/hgadhia
Jason Lee,https://angel.co/jason-lee
Rick Graf,https://angel.co/rgraflaw
Jonathan Brickman,https://angel.co/jonathan-brickman
Denis Seynhaeve,https://angel.co/denis-seynhaeve
Bram J. Levy,https://angel.co/bram-levy
Valerie Gaydos,https://angel.co/valeriegaydos
Hersh Narola,https://angel.co/hersh
Adam Lehman,https://angel.co/adam-lehman
Joshua Ho,https://angel.co/jlogic
Clarence Wooten,https://angel.co/clarencewooten
Josh Deckard,https://angel.co/deckard
Paul Logan,https://angel.co/paul-logan
Elana Fine,https://angel.co/elana-fine
Steve Ganz,https://angel.co/steveganz
Renny McPherson,https://angel.co/renny-mcpherson
Fletcher Jones,https://angel.co/fletchgoblue
Scott Day,https://angel.co/scottdday
Radu Rosu,https://angel.co/radu-rosu
J. Grant Mooney,https://angel.co/j-grant-mooney
Brent Roberts,https://angel.co/brent-roberts
Benjamin Wald,https://angel.co/benjaminwald
Oltac Unsal,https://angel.co/oltac
Jane E. Mooney,https://angel.co/jane-e-mooney
Cullen Hitt,https://angel.co/cullen-hitt
Jan Brandt,https://angel.co/janbrandt
Omid Jahanbin,https://angel.co/omidify
Andrew Ray,https://angel.co/andrew-ray
Eugene Evans,https://angel.co/eugene-evans
Sergio Fernández de Córdova,https://angel.co/sfdecordova
Will Lee,https://angel.co/will-lee
Stephen Gilfus,https://angel.co/stephen-gilfus
Jocelyn Goldfein,https://angel.co/jeg
Dwight Fischer,https://angel.co/dwight-fischer
Michael Smith,https://angel.co/mjsmith711
Rashad Moore,https://angel.co/rashad-moore
Martin Bueno,https://angel.co/martin-bueno
Phillip Mertz,https://angel.co/pm-2
Tim Kress-Spatz,https://angel.co/tspatz
Mykel Nahorniak,https://angel.co/myke
bud rosenthal,https://angel.co/bud-rosenthal
Michael Cirrito,https://angel.co/michael-cirrito
Benoît Brookens III,https://angel.co/drbigdata
Taylor M. Llewellyn,https://angel.co/taylor-m-llewellyn
Ish Dugal,https://angel.co/ish-dugal
Rich Ellinger,https://angel.co/rich-ellinger
Roger Yee,https://angel.co/roger-yee
Alexander Romero,https://angel.co/alexander-romero
Daniel Jacobson,https://angel.co/daniel-jacobson
Ivailo Guenov,https://angel.co/ivailo-guenov
Scott Suhy,https://angel.co/scott-suhy
Rob Kingyens,https://angel.co/rob-kingyens
Yanik Silver,https://angel.co/yaniksilver
Tim McLaughlin,https://angel.co/tim-mclaughlin-1
Dan Klueger,https://angel.co/dan-klueger
Christian Ruth,https://angel.co/christian-ruth
Eric Conn,https://angel.co/eric-conn
Leslie Jump,https://angel.co/leslie-jump
Lawrence Bergenfield,https://angel.co/magnetify
Lily Bengfort,https://angel.co/lily-bengfort
Braun Jones,https://angel.co/braun-jones
Jeffrey Fry,https://angel.co/macromental
Gautam Gulati,https://angel.co/gautam-gulati
Peter Ojo,https://angel.co/peter-ojo
Zack Miller,https://angel.co/zackmiller84
Jon Schlegel,https://angel.co/jon-schlegel
Chris Weasler,https://angel.co/chris-weasler
Phillip Walker,https://angel.co/phillip-walker-2
Mark Klusza,https://angel.co/mark-klusza
Sandy Rich,https://angel.co/sandyrich
Jason Syversen,https://angel.co/jason-syversen
Adam Scott Riff,https://angel.co/adam-scott-riff
Omri Lavie,https://angel.co/omrilavie
G. William Bavin,https://angel.co/g-william-bavin
Brian Mehnert,https://angel.co/bmehnert
Ari Litan,https://angel.co/ari-litand
Michael Faber,https://angel.co/michaelfaber
Rita Trehan ,https://angel.co/ritatrehan
Michael Thomas,https://angel.co/michael-thomas
"Amy Nichols, CFE",https://angel.co/amynichols
Andy Fireman,https://angel.co/andy-fireman-1
Odysseas Papadimitriou,https://angel.co/odysseas-papadimitriou
You Mon Tsang,https://angel.co/youmon
Sherrard Harrington,https://angel.co/sherrard-harrington
J.R. Reagan,https://angel.co/ideaxplorer
Jill Stelfox,https://angel.co/jillstelfox
Mike Marcantonio,https://angel.co/mike-marcantonio
Matthew Collier,https://angel.co/matthew-collier
Jason Chen,https://angel.co/jason-chen-4
Can Atacik,https://angel.co/can-atacik
Afzal Bari,https://angel.co/afzal-bari
Tyler Scriven,https://angel.co/tyler-scriven
Asok Kumar,https://angel.co/asok-kumar
Mazi Arzanpouli,https://angel.co/mazi-arzanpouli
Henning von Kalm,https://angel.co/henning-von-kalm
IfeanyiChukwu Egbuniwe,https://angel.co/ifeanyichukwu-egbuniwe
Steve Rop,https://angel.co/steve-rop
Blake Newman,https://angel.co/blakenewman
Justin Rattigan,https://angel.co/justin-rattigan
Saïd Eastman,https://angel.co/said-eastman
Jim Humphries,https://angel.co/jim-28
Greg Toth,https://angel.co/greg-toth
Arian (Ari) Taherzadeh,https://angel.co/ari-taherzadeh
Scott Popma,https://angel.co/scott-popma
Chris Wynne,https://angel.co/chris-wynne
Ahmad Nimeh,https://angel.co/animeh
Henock Andargie,https://angel.co/henock-andargie
Adam Samaan,https://angel.co/adam-samaan
Vivek Khanna,https://angel.co/vivek-khanna
Patrick Ryan,https://angel.co/patrick-ryan-3
Joseph Statter,https://angel.co/joseph-statter
Andrew Richman,https://angel.co/andrew-richman-1
Bekim Veseli,https://angel.co/bveseli
Brian Marvin,https://angel.co/brian-marvin-1
Nick Campbell,https://angel.co/nick-campbell
Irby Thompson,https://angel.co/irby-thompson
Bruce Widas,https://angel.co/bruce-widas
Pothiraj Selvaraj,https://angel.co/pothiraj-selvaraj
jphny,https://angel.co/jphny
Maurio Fiore,https://angel.co/maurio-fiore
Gregg Wilkes,https://angel.co/gregg-wilkes
Eric Broyles,https://angel.co/eric-broyles
